PRICE,HEIGHT,WIDTH,SIGNED,PICTURE,HOUSE ,Area =H * W,norm SIGNED,norm PICTURE,norm HOUUSE,norm HEIGHT,norm WIDTH,norm Area
3.99378,21.3,25.6,1,1,1,545.28,0.1,0.001,0.1,0.213,0.256,0.054528
8.8,31.9,25.6,1,2,2,816.64,0.1,0.002,0.2,0.319,0.256,0.081664
0.131694,6.9,15.9,0,3,3,109.71,0,0.003,0.3,0.069,0.159,0.010971
2.0375,25.7,32,1,4,2,822.4,0.1,0.004,0.2,0.257,0.32,0.08224
1.4875,25.7,32,1,4,2,822.4,0.1,0.004,0.2,0.257,0.32,0.08224
1.87,25.6,31.9,1,4,1,816.64,0.1,0.004,0.1,0.256,0.319,0.081664
5.2825,25.5,35.6,1,5,1,907.8,0.1,0.005,0.1,0.255,0.356,0.09078
5.06575,26,34.3,1,5,2,891.8,0.1,0.005,0.2,0.26,0.343,0.08918
1.375,25.6,36.2,1,5,2,926.72,0.1,0.005,0.2,0.256,0.362,0.092672
2.53,25.6,36.4,1,6,2,931.84,0.1,0.006,0.2,0.256,0.364,0.093184
3.7425,25.6,36.4,1,6,2,931.84,0.1,0.006,0.2,0.256,0.364,0.093184
0.364343,25.6,36.2,1,7,2,926.72,0.1,0.007,0.2,0.256,0.362,0.092672
2.72387,31.9,39.4,1,8,2,1256.86,0.1,0.008,0.2,0.319,0.394,0.125686
3.52,23.6,31.9,1,9,1,752.84,0.1,0.009,0.1,0.236,0.319,0.075284
0.4975,19.5,25,1,10,2,487.5,0.1,0.01,0.2,0.195,0.25,0.04875
9.35,32.7,26.8,1,11,1,876.36,0.1,0.011,0.1,0.327,0.268,0.087636
1.2195,25.5,36,1,12,2,918,0.1,0.012,0.2,0.255,0.36,0.0918
0.407,25.6,39.4,1,12,2,1008.64,0.1,0.012,0.2,0.256,0.394,0.100864
3.71339,25.6,36.2,1,13,3,926.72,0.1,0.013,0.3,0.256,0.362,0.092672
5.296406,25.8,21.5,1,14,2,554.7,0.1,0.014,0.2,0.258,0.215,0.05547
2.862,21.4,28.9,1,15,2,618.46,0.1,0.015,0.2,0.214,0.289,0.061846
4.18,26,32.5,1,16,1,845,0.1,0.016,0.1,0.26,0.325,0.0845
2.48075,26,32.5,1,16,2,845,0.1,0.016,0.2,0.26,0.325,0.0845
0.237068,50,14.6,0,17,2,730,0,0.017,0.2,0.5,0.146,0.073
0.527446,22.7,28.1,1,18,1,637.87,0.1,0.018,0.1,0.227,0.281,0.063787
33.013504,35,39.4,1,19,2,1379,0.1,0.019,0.2,0.35,0.394,0.1379
0.035549,37.4,39.4,0,20,3,1473.56,0,0.02,0.3,0.374,0.394,0.147356
0.495,32.1,23.5,1,21,1,754.35,0.1,0.021,0.1,0.321,0.235,0.075435
1.078,32.1,23.5,1,21,1,754.35,0.1,0.021,0.1,0.321,0.235,0.075435
0.4315,25.7,36.4,0,22,2,935.48,0,0.022,0.2,0.257,0.364,0.093548
3.48,25.7,36.5,1,23,2,938.05,0.1,0.023,0.2,0.257,0.365,0.093805
0.4645,21.5,25.9,1,24,1,556.85,0.1,0.024,0.1,0.215,0.259,0.055685
1.65,25.6,31.9,1,25,1,816.64,0.1,0.025,0.1,0.256,0.319,0.081664
4.488,28.7,36.2,1,26,2,1038.94,0.1,0.026,0.2,0.287,0.362,0.103894
0.1565,23.7,23.7,0,27,2,561.69,0,0.027,0.2,0.237,0.237,0.056169
0.191346,23.6,23.6,0,27,2,556.96,0,0.027,0.2,0.236,0.236,0.055696
1.216,29.3,29.3,1,28,1,858.49,0.1,0.028,0.1,0.293,0.293,0.085849
0.7975,32,32.6,1,29,2,1043.2,0.1,0.029,0.2,0.32,0.326,0.10432
1.21,25.7,32,1,30,1,822.4,0.1,0.03,0.1,0.257,0.32,0.08224
0.699516,21.3,25.6,1,31,2,545.28,0.1,0.031,0.2,0.213,0.256,0.054528
0.762509,25.6,31.9,1,32,2,816.64,0.1,0.032,0.2,0.256,0.319,0.081664
0.760486,23.9,31.5,1,33,1,752.85,0.1,0.033,0.1,0.239,0.315,0.075285
0.8825,23.6,28.7,1,34,1,677.32,0.1,0.034,0.1,0.236,0.287,0.067732
3.74,32.3,23.6,1,35,2,762.28,0.1,0.035,0.2,0.323,0.236,0.076228
0.219005,19.7,22.4,0,36,2,441.28,0,0.036,0.2,0.197,0.224,0.044128
1.39062,23.6,31.5,1,37,2,743.4,0.1,0.037,0.2,0.236,0.315,0.07434
2.8695,23.6,28,1,38,1,660.8,0.1,0.038,0.1,0.236,0.28,0.06608
1.8725,21.3,25.8,1,39,2,549.54,0.1,0.039,0.2,0.213,0.258,0.054954
0.715,21.3,25.8,1,39,1,549.54,0.1,0.039,0.1,0.213,0.258,0.054954
2.31575,18.1,15,1,40,2,271.5,0.1,0.04,0.2,0.181,0.15,0.02715
5.97919,51.6,38.2,0,41,1,1971.12,0,0.041,0.1,0.516,0.382,0.197112
1.133311,21.7,25.6,1,42,1,555.52,0.1,0.042,0.1,0.217,0.256,0.055552
9.0225,24.4,31.5,1,43,1,768.6,0.1,0.043,0.1,0.244,0.315,0.07686
0.996,27.2,36.5,1,44,1,992.8,0.1,0.044,0.1,0.272,0.365,0.09928
0.762774,27.2,36.5,1,44,1,992.8,0.1,0.044,0.1,0.272,0.365,0.09928
0.996,36.3,28.9,1,45,1,1049.07,0.1,0.045,0.1,0.363,0.289,0.104907
3.559111,26,36.5,1,46,1,949,0.1,0.046,0.1,0.26,0.365,0.0949
0.9925,25.7,31.7,0,47,1,814.69,0,0.047,0.1,0.257,0.317,0.081469
3.5225,25.6,31.9,1,48,1,816.64,0.1,0.048,0.1,0.256,0.319,0.081664
0.33,25.8,32.1,0,49,2,828.18,0,0.049,0.2,0.258,0.321,0.082818
3.9625,25.5,31.7,1,50,1,808.35,0.1,0.05,0.1,0.255,0.317,0.080835
4.00037,28.7,39.4,1,51,1,1130.78,0.1,0.051,0.1,0.287,0.394,0.113078
0.77,26,31.9,1,52,2,829.4,0.1,0.052,0.2,0.26,0.319,0.08294
1.062026,23.6,31.9,1,53,1,752.84,0.1,0.053,0.1,0.236,0.319,0.075284
0.275,22.9,30.7,1,54,1,703.03,0.1,0.054,0.1,0.229,0.307,0.070303
0.792,23.6,29.1,1,55,2,686.76,0.1,0.055,0.2,0.236,0.291,0.068676
0.121,31.9,23.4,1,56,1,746.46,0.1,0.056,0.1,0.319,0.234,0.074646
1.403601,51.2,35,1,57,1,1792,0.1,0.057,0.1,0.512,0.35,0.1792
2.0375,21.1,24.2,1,58,1,510.62,0.1,0.058,0.1,0.211,0.242,0.051062
3.502784,21.1,24.2,1,58,1,510.62,0.1,0.058,0.1,0.211,0.242,0.051062
1.094111,25.6,39.4,0,59,2,1008.64,0,0.059,0.2,0.256,0.394,0.100864
0.2665,46.6,14.5,0,60,2,675.7,0,0.06,0.2,0.466,0.145,0.06757
0.605,46.7,14.6,0,60,2,681.82,0,0.06,0.2,0.467,0.146,0.068182
0.77575,23.5,32,1,61,2,752,0.1,0.061,0.2,0.235,0.32,0.0752
0.736201,23,32,1,61,2,736,0.1,0.061,0.2,0.23,0.32,0.0736
6.1,51.8,34.8,1,62,1,1802.64,0.1,0.062,0.1,0.518,0.348,0.180264
2.2475,21.3,31.9,1,63,1,679.47,0.1,0.063,0.1,0.213,0.319,0.067947
1.8725,21.3,31.9,1,63,1,679.47,0.1,0.063,0.1,0.213,0.319,0.067947
0.825,21.3,28.7,1,64,1,611.31,0.1,0.064,0.1,0.213,0.287,0.061131
0.7975,24,19.7,1,65,2,472.8,0.1,0.065,0.2,0.24,0.197,0.04728
0.664657,50.6,14.6,1,66,2,738.76,0.1,0.066,0.2,0.506,0.146,0.073876
2.61835,46.9,14.4,1,66,3,675.36,0.1,0.066,0.3,0.469,0.144,0.067536
0.594,47.5,14.9,1,66,2,707.75,0.1,0.066,0.2,0.475,0.149,0.070775
0.27658,50.6,14.6,1,66,2,738.76,0.1,0.066,0.2,0.506,0.146,0.073876
15.4025,23.7,32.2,1,67,2,763.14,0.1,0.067,0.2,0.237,0.322,0.076314
25.4177,23.6,32.3,1,67,2,762.28,0.1,0.067,0.2,0.236,0.323,0.076228
0.323508,23.7,29.4,0,68,3,696.78,0,0.068,0.3,0.237,0.294,0.069678
0.165,23.6,28.7,0,68,1,677.32,0,0.068,0.1,0.236,0.287,0.067732
0.721,28.7,36.2,1,69,1,1038.94,0.1,0.069,0.1,0.287,0.362,0.103894
1.045,18.9,29.9,1,70,1,565.11,0.1,0.07,0.1,0.189,0.299,0.056511
1.155,23.6,31.9,1,71,2,752.84,0.1,0.071,0.2,0.236,0.319,0.075284
0.46,23.5,32,1,72,2,752,0.1,0.072,0.2,0.235,0.32,0.0752
2.86575,25.5,32,1,73,2,816,0.1,0.073,0.2,0.255,0.32,0.0816
0.770577,28.7,36.4,1,74,2,1044.68,0.1,0.074,0.2,0.287,0.364,0.104468
1.78923,23.2,31.5,1,75,3,730.8,0.1,0.075,0.3,0.232,0.315,0.07308
0.7725,23.6,31.9,1,76,2,752.84,0.1,0.076,0.2,0.236,0.319,0.075284
0.11,23.6,28.7,0,77,1,677.32,0,0.077,0.1,0.236,0.287,0.067732
1.5425,24,29.1,1,78,1,698.4,0.1,0.078,0.1,0.24,0.291,0.06984
2.2,24.1,29.4,1,78,1,708.54,0.1,0.078,0.1,0.241,0.294,0.070854
0.77,25.8,36.2,1,79,1,933.96,0.1,0.079,0.1,0.258,0.362,0.093396
3.3,25.6,36.2,1,80,2,926.72,0.1,0.08,0.2,0.256,0.362,0.092672
2.4225,25.6,31.9,1,81,2,816.64,0.1,0.081,0.2,0.256,0.319,0.081664
0.13148,25.6,31.9,1,82,2,816.64,0.1,0.082,0.2,0.256,0.319,0.081664
0.058901,11.2,19.7,0,83,3,220.64,0,0.083,0.3,0.112,0.197,0.022064
1.045,23.6,29,1,84,1,684.4,0.1,0.084,0.1,0.236,0.29,0.06844
0.209,23.8,31.9,1,85,2,759.22,0.1,0.085,0.2,0.238,0.319,0.075922
0.050545,11,11,0,86,1,121,0,0.086,0.1,0.11,0.11,0.0121
0.052172,18.3,29,0,87,1,530.7,0,0.087,0.1,0.183,0.29,0.05307
0.032658,11.7,27.5,0,88,3,321.75,0,0.088,0.3,0.117,0.275,0.032175
1.76,35,27,1,89,2,945,0.1,0.089,0.2,0.35,0.27,0.0945
0.598537,21.3,25.6,0,90,2,545.28,0,0.09,0.2,0.213,0.256,0.054528
1.43,25.6,39.4,1,91,1,1008.64,0.1,0.091,0.1,0.256,0.394,0.100864
0.6845,23.6,29.1,1,92,2,686.76,0.1,0.092,0.2,0.236,0.291,0.068676
0.7,21.7,31.9,1,93,1,692.23,0.1,0.093,0.1,0.217,0.319,0.069223
1.656,24,31.1,1,94,1,746.4,0.1,0.094,0.1,0.24,0.311,0.07464
0.5305,23.5,29,1,95,1,681.5,0.1,0.095,0.1,0.235,0.29,0.06815
3.11468,25.2,39,1,96,2,982.8,0.1,0.096,0.2,0.252,0.39,0.09828
0.3435,15.5,18.9,1,97,2,292.95,0.1,0.097,0.2,0.155,0.189,0.029295
1.68299,28.7,39.4,1,98,1,1130.78,0.1,0.098,0.1,0.287,0.394,0.113078
2.128,23.6,29.5,1,99,2,696.2,0.1,0.099,0.2,0.236,0.295,0.06962
4.73,23.6,29.5,1,100,1,696.2,0.1,0.1,0.1,0.236,0.295,0.06962
3.0895,32.6,24.5,1,101,2,798.7,0.1,0.101,0.2,0.326,0.245,0.07987
11,21.3,29.1,1,102,2,619.83,0.1,0.102,0.2,0.213,0.291,0.061983
1.0475,21.9,28.7,1,103,2,628.53,0.1,0.103,0.2,0.219,0.287,0.062853
0.491071,23.6,39.4,1,104,2,929.84,0.1,0.104,0.2,0.236,0.394,0.092984
0.57592,15.9,21.3,1,105,2,338.67,0.1,0.105,0.2,0.159,0.213,0.033867
2.335805,25.6,36.2,1,106,1,926.72,0.1,0.106,0.1,0.256,0.362,0.092672
0.7175,25.5,36.3,1,107,2,925.65,0.1,0.107,0.2,0.255,0.363,0.092565
1.815,25.9,32.9,1,108,2,852.11,0.1,0.108,0.2,0.259,0.329,0.085211
0.722272,23.9,32,1,109,1,764.8,0.1,0.109,0.1,0.239,0.32,0.07648
0.4975,23.7,32,1,109,1,758.4,0.1,0.109,0.1,0.237,0.32,0.07584
0.284482,23.6,31.9,0,110,2,752.84,0,0.11,0.2,0.236,0.319,0.075284
1.45918,23.6,39.4,1,111,2,929.84,0.1,0.111,0.2,0.236,0.394,0.092984
0.486048,31.9,23.6,1,112,1,752.84,0.1,0.112,0.1,0.319,0.236,0.075284
2.262523,47.2,39.4,0,113,2,1859.68,0,0.113,0.2,0.472,0.394,0.185968
1.656,47.5,39.5,0,113,1,1876.25,0,0.113,0.1,0.475,0.395,0.187625
0.8525,78.7,39.8,0,114,2,3132.26,0,0.114,0.2,0.787,0.398,0.313226
1.0805,39.8,39.8,1,115,1,1584.04,0.1,0.115,0.1,0.398,0.398,0.158404
0.6075,39.8,39.8,0,115,2,1584.04,0,0.115,0.2,0.398,0.398,0.158404
3.5,78.7,39.5,0,116,1,3108.65,0,0.116,0.1,0.787,0.395,0.310865
6.6,23.8,28.9,1,117,2,687.82,0.1,0.117,0.2,0.238,0.289,0.068782
0.6325,21.7,29.1,1,118,2,631.47,0.1,0.118,0.2,0.217,0.291,0.063147
5.01809,24,31.5,1,119,2,756,0.1,0.119,0.2,0.24,0.315,0.0756
0.6325,21.5,28.9,1,120,2,621.35,0.1,0.12,0.2,0.215,0.289,0.062135
0.472854,23.6,28.9,1,121,1,682.04,0.1,0.121,0.1,0.236,0.289,0.068204
1.22486,41.7,28.5,1,122,2,1188.45,0.1,0.122,0.2,0.417,0.285,0.118845
12.1893,41.7,28.7,1,122,1,1196.79,0.1,0.122,0.1,0.417,0.287,0.119679
0.340586,20.5,26.8,1,123,3,549.4,0.1,0.123,0.3,0.205,0.268,0.05494
0.6075,25.8,31.9,1,124,1,823.02,0.1,0.124,0.1,0.258,0.319,0.082302
1.051,26.1,32.2,1,125,1,840.42,0.1,0.125,0.1,0.261,0.322,0.084042
1.2125,26.3,32.1,1,125,1,844.23,0.1,0.125,0.1,0.263,0.321,0.084423
2.2025,24,39.3,1,126,2,943.2,0.1,0.126,0.2,0.24,0.393,0.09432
1.164558,23.2,31.5,1,127,2,730.8,0.1,0.127,0.2,0.232,0.315,0.07308
0.328067,24,29.1,1,128,2,698.4,0.1,0.128,0.2,0.24,0.291,0.06984
0.908,25.6,39.4,1,129,1,1008.64,0.1,0.129,0.1,0.256,0.394,0.100864
2.42575,25.5,31.9,1,130,2,813.45,0.1,0.13,0.2,0.255,0.319,0.081345
1.4875,25.6,31.9,1,130,1,816.64,0.1,0.13,0.1,0.256,0.319,0.081664
9.6825,57.9,89,1,131,1,5153.1,0.1,0.131,0.1,0.579,0.89,0.51531
1.27605,19.7,24,1,132,2,472.8,0.1,0.132,0.2,0.197,0.24,0.04728
0.2885,21,28.7,0,133,2,602.7,0,0.133,0.2,0.21,0.287,0.06027
0.359547,28.7,35.8,1,134,2,1027.46,0.1,0.134,0.2,0.287,0.358,0.102746
0.405968,24.5,32,1,135,1,784,0.1,0.135,0.1,0.245,0.32,0.0784
0.8695,27.9,36.5,0,136,1,1018.35,0,0.136,0.1,0.279,0.365,0.101835
0.805007,36.3,28.9,0,137,1,1049.07,0,0.137,0.1,0.363,0.289,0.104907
4.7115,28.7,36.2,1,138,1,1038.94,0.1,0.138,0.1,0.287,0.362,0.103894
1.5425,25.6,36.2,1,139,1,926.72,0.1,0.139,0.1,0.256,0.362,0.092672
0.253,25.6,31.7,0,140,1,811.52,0,0.14,0.1,0.256,0.317,0.081152
0.58,28.7,36.2,0,141,1,1038.94,0,0.141,0.1,0.287,0.362,0.103894
6.6025,25.6,36.3,1,142,3,929.28,0.1,0.142,0.3,0.256,0.363,0.092928
0.32386,23.2,31.5,1,143,2,730.8,0.1,0.143,0.2,0.232,0.315,0.07308
16.566547,18.7,29.1,1,144,2,544.17,0.1,0.144,0.2,0.187,0.291,0.054417
10.78,18.7,29.1,1,144,1,544.17,0.1,0.144,0.1,0.187,0.291,0.054417
1.18625,28.7,36.2,1,145,2,1038.94,0.1,0.145,0.2,0.287,0.362,0.103894
0.984948,28.7,23.6,1,146,2,677.32,0.1,0.146,0.2,0.287,0.236,0.067732
3.85,29,36.5,1,147,1,1058.5,0.1,0.147,0.1,0.29,0.365,0.10585
0.790229,29,36.5,1,147,2,1058.5,0.1,0.147,0.2,0.29,0.365,0.10585
2.326129,29,36.5,1,147,2,1058.5,0.1,0.147,0.2,0.29,0.365,0.10585
0.286,25.6,36.2,0,148,2,926.72,0,0.148,0.2,0.256,0.362,0.092672
5.137545,20.9,28.7,1,149,1,599.83,0.1,0.149,0.1,0.209,0.287,0.059983
4.63008,20.9,28.7,1,149,2,599.83,0.1,0.149,0.2,0.209,0.287,0.059983
0.78766,25.6,31.5,1,150,1,806.4,0.1,0.15,0.1,0.256,0.315,0.08064
0.6075,23.6,37.9,1,151,2,894.44,0.1,0.151,0.2,0.236,0.379,0.089444
0.444273,23.6,31.9,0,152,3,752.84,0,0.152,0.3,0.236,0.319,0.075284
0.25394,23.6,31.9,1,152,2,752.84,0.1,0.152,0.2,0.236,0.319,0.075284
3.368,26.8,35.4,1,153,2,948.72,0.1,0.153,0.2,0.268,0.354,0.094872
0.385,25.6,31.9,1,154,2,816.64,0.1,0.154,0.2,0.256,0.319,0.081664
2.9195,23.6,28.7,1,155,1,677.32,0.1,0.155,0.1,0.236,0.287,0.067732
0.373393,11.6,23.3,0,156,1,270.28,0,0.156,0.1,0.116,0.233,0.027028
7.6,23.5,31.4,1,157,1,737.9,0.1,0.157,0.1,0.235,0.314,0.07379
2.64,21.7,26,1,158,2,564.2,0.1,0.158,0.2,0.217,0.26,0.05642
0.55,23.6,39.4,1,159,1,929.84,0.1,0.159,0.1,0.236,0.394,0.092984
0.304858,15.7,28.7,1,160,2,450.59,0.1,0.16,0.2,0.157,0.287,0.045059
0.8,19.8,25.5,1,161,2,504.9,0.1,0.161,0.2,0.198,0.255,0.05049
0.399166,17.7,23.6,0,162,3,417.72,0,0.162,0.3,0.177,0.236,0.041772
0.535074,22,29.3,1,163,2,644.6,0.1,0.163,0.2,0.22,0.293,0.06446
0.848,22.1,28.9,1,163,2,638.69,0.1,0.163,0.2,0.221,0.289,0.063869
0.7725,19.8,32.6,0,164,2,645.48,0,0.164,0.2,0.198,0.326,0.064548
0.44,23.8,39.6,1,165,1,942.48,0.1,0.165,0.1,0.238,0.396,0.094248
1.2125,26,39.6,1,166,2,1029.6,0.1,0.166,0.2,0.26,0.396,0.10296
0.352,18.9,24.8,1,167,1,468.72,0.1,0.167,0.1,0.189,0.248,0.046872
1.6525,25.5,32,1,168,2,816,0.1,0.168,0.2,0.255,0.32,0.0816
0.3875,19.5,32,1,168,1,624,0.1,0.168,0.1,0.195,0.32,0.0624
2.3595,25.7,31.9,1,169,1,819.83,0.1,0.169,0.1,0.257,0.319,0.081983
0.121,21.3,32.1,0,170,1,683.73,0,0.17,0.1,0.213,0.321,0.068373
0.638686,21.3,32.1,0,170,1,683.73,0,0.17,0.1,0.213,0.321,0.068373
2.2025,25.6,36.2,1,171,1,926.72,0.1,0.171,0.1,0.256,0.362,0.092672
0.5745,19.5,32,1,172,1,624,0.1,0.172,0.1,0.195,0.32,0.0624
1.9857,28.7,39.4,1,173,2,1130.78,0.1,0.173,0.2,0.287,0.394,0.113078
0.33,23.6,31.9,1,174,2,752.84,0.1,0.174,0.2,0.236,0.319,0.075284
1.4325,25.5,36.4,1,175,2,928.2,0.1,0.175,0.2,0.255,0.364,0.09282
0.2718,26,15,1,176,2,390,0.1,0.176,0.2,0.26,0.15,0.039
0.3325,26,15,1,176,1,390,0.1,0.176,0.1,0.26,0.15,0.039
1.4635,28.9,36.3,1,177,1,1049.07,0.1,0.177,0.1,0.289,0.363,0.104907
0.839397,28.7,21.7,1,178,2,622.79,0.1,0.178,0.2,0.287,0.217,0.062279
0.33,35,39.4,0,179,2,1379,0,0.179,0.2,0.35,0.394,0.1379
0.726,20,26,1,180,1,520,0.1,0.18,0.1,0.2,0.26,0.052
7.728935,39.4,78.7,0,181,2,3100.78,0,0.181,0.2,0.394,0.787,0.310078
16.808,39.4,78.7,0,181,2,3100.78,0,0.181,0.2,0.394,0.787,0.310078
6.826,39.8,79,0,181,1,3144.2,0,0.181,0.1,0.398,0.79,0.31442
9.9025,38.4,78.1,0,181,2,2999.04,0,0.181,0.2,0.384,0.781,0.299904
12.1,39.4,78.7,1,182,1,3100.78,0.1,0.182,0.1,0.394,0.787,0.310078
3.85,38.6,51.4,0,183,1,1984.04,0,0.183,0.1,0.386,0.514,0.198404
8.99796,39.4,78.7,0,184,2,3100.78,0,0.184,0.2,0.394,0.787,0.310078
0.866451,21.3,29.1,1,185,2,619.83,0.1,0.185,0.2,0.213,0.291,0.061983
0.5451,22.2,29.1,1,186,1,646.02,0.1,0.186,0.1,0.222,0.291,0.064602
0.5525,20,24.1,1,187,2,482,0.1,0.187,0.2,0.2,0.241,0.0482
1.330368,25.6,31.9,1,188,1,816.64,0.1,0.188,0.1,0.256,0.319,0.081664
2.8276,17.5,28.3,1,189,1,495.25,0.1,0.189,0.1,0.175,0.283,0.049525
0.69,15.7,31,1,190,2,486.7,0.1,0.19,0.2,0.157,0.31,0.04867
0.2995,23.6,31.6,0,191,1,745.76,0,0.191,0.1,0.236,0.316,0.074576
0.205075,21.7,25.6,1,192,3,555.52,0.1,0.192,0.3,0.217,0.256,0.055552
0.245183,25,35.8,1,193,2,895,0.1,0.193,0.2,0.25,0.358,0.0895
12.1025,32,36.4,1,194,2,1164.8,0.1,0.194,0.2,0.32,0.364,0.11648
9.9,32,36.4,1,194,2,1164.8,0.1,0.194,0.2,0.32,0.364,0.11648
11.55,28.7,36.2,1,195,2,1038.94,0.1,0.195,0.2,0.287,0.362,0.103894
0.6735,23.5,31.5,1,196,1,740.25,0.1,0.196,0.1,0.235,0.315,0.074025
0.8475,23.8,28.7,1,197,1,683.06,0.1,0.197,0.1,0.238,0.287,0.068306
13.2025,39.6,32.3,1,198,1,1279.08,0.1,0.198,0.1,0.396,0.323,0.127908
2.7525,23.6,28.7,1,199,1,677.32,0.1,0.199,0.1,0.236,0.287,0.067732
5.83,35,36.2,1,200,2,1267,0.1,0.2,0.2,0.35,0.362,0.1267
0.682,25.6,39.4,1,201,2,1008.64,0.1,0.201,0.2,0.256,0.394,0.100864
1.2675,25.6,39.4,1,202,1,1008.64,0.1,0.202,0.1,0.256,0.394,0.100864
1.0145,28.3,36,1,203,1,1018.8,0.1,0.203,0.1,0.283,0.36,0.10188
4.2375,28.7,36.2,1,204,1,1038.94,0.1,0.204,0.1,0.287,0.362,0.103894
4.1825,25,35.4,1,205,1,885,0.1,0.205,0.1,0.25,0.354,0.0885
2,32,26,1,206,2,832,0.1,0.206,0.2,0.32,0.26,0.0832
2.52874,31.9,26,1,207,2,829.4,0.1,0.207,0.2,0.319,0.26,0.08294
3.08,25.6,36.2,1,208,1,926.72,0.1,0.208,0.1,0.256,0.362,0.092672
14.3,32.3,36.5,1,209,1,1178.95,0.1,0.209,0.1,0.323,0.365,0.117895
14.58075,32.1,36.6,1,210,2,1174.86,0.1,0.21,0.2,0.321,0.366,0.117486
9.9,31.9,36.2,1,210,1,1154.78,0.1,0.21,0.1,0.319,0.362,0.115478
0.66,20.3,25.8,1,211,1,523.74,0.1,0.211,0.1,0.203,0.258,0.052374
0.885007,23.6,31.9,1,212,1,752.84,0.1,0.212,0.1,0.236,0.319,0.075284
12.4453,22.9,38.3,1,213,1,877.07,0.1,0.213,0.1,0.229,0.383,0.087707
1.974181,28.9,41.9,1,214,1,1210.91,0.1,0.214,0.1,0.289,0.419,0.121091
4.311578,31.5,36.2,0,215,1,1140.3,0,0.215,0.1,0.315,0.362,0.11403
6.875,35,45.5,1,216,2,1592.5,0.1,0.216,0.2,0.35,0.455,0.15925
11.0401,35.2,36.4,1,217,1,1281.28,0.1,0.217,0.1,0.352,0.364,0.128128
0.619539,19.7,25.6,1,218,2,504.32,0.1,0.218,0.2,0.197,0.256,0.050432
4.95419,21.3,28.7,1,219,2,611.31,0.1,0.219,0.2,0.213,0.287,0.061131
2.09,23.6,32,1,220,1,755.2,0.1,0.22,0.1,0.236,0.32,0.07552
24.20575,39.4,25.7,1,221,2,1012.58,0.1,0.221,0.2,0.394,0.257,0.101258
1.912,23.9,32.1,1,222,2,767.19,0.1,0.222,0.2,0.239,0.321,0.076719
0.825,29.1,36.5,1,223,2,1062.15,0.1,0.223,0.2,0.291,0.365,0.106215
0.886,14,28.7,1,224,1,401.8,0.1,0.224,0.1,0.14,0.287,0.04018
0.55316,14,28.7,1,224,2,401.8,0.1,0.224,0.2,0.14,0.287,0.04018
0.4205,31.5,25.3,0,225,1,796.95,0,0.225,0.1,0.315,0.253,0.079695
1.33126,31.5,25.2,1,226,2,793.8,0.1,0.226,0.2,0.315,0.252,0.07938
2.14158,31.5,25.2,1,226,3,793.8,0.1,0.226,0.3,0.315,0.252,0.07938
1.33346,26.4,32.3,1,227,2,852.72,0.1,0.227,0.2,0.264,0.323,0.085272
1.11466,21.7,29.1,1,228,2,631.47,0.1,0.228,0.2,0.217,0.291,0.063147
0.708895,25.7,32,1,229,1,822.4,0.1,0.229,0.1,0.257,0.32,0.08224
3.025,24,39.5,1,230,2,948,0.1,0.23,0.2,0.24,0.395,0.0948
2.8527,15,20.7,1,231,2,310.5,0.1,0.231,0.2,0.15,0.207,0.03105
0.561,21.3,31.1,1,232,2,662.43,0.1,0.232,0.2,0.213,0.311,0.066243
1.188879,19.7,31.9,1,233,1,628.43,0.1,0.233,0.1,0.197,0.319,0.062843
0.960211,28.7,36.2,1,234,3,1038.94,0.1,0.234,0.3,0.287,0.362,0.103894
2.09,25.6,39.6,1,235,1,1013.76,0.1,0.235,0.1,0.256,0.396,0.101376
7.1525,25.6,36.3,1,236,2,929.28,0.1,0.236,0.2,0.256,0.363,0.092928
6.71,25.6,36.2,1,237,2,926.72,0.1,0.237,0.2,0.256,0.362,0.092672
7.046,45.9,28.6,0,238,1,1312.74,0,0.238,0.1,0.459,0.286,0.131274
8.25,36.3,28.7,1,239,1,1041.81,0.1,0.239,0.1,0.363,0.287,0.104181
11.0025,36.2,29.1,1,240,2,1053.42,0.1,0.24,0.2,0.362,0.291,0.105342
1.17073,24.4,19.7,1,241,1,480.68,0.1,0.241,0.1,0.244,0.197,0.048068
20.1675,31.9,36.2,1,242,1,1154.78,0.1,0.242,0.1,0.319,0.362,0.115478
0.8275,28.7,36.3,0,243,1,1041.81,0,0.243,0.1,0.287,0.363,0.104181
0.817255,23.6,31.9,1,244,2,752.84,0.1,0.244,0.2,0.236,0.319,0.075284
0.819577,19.7,28.7,1,245,1,565.39,0.1,0.245,0.1,0.197,0.287,0.056539
0.630498,19.7,28.7,1,245,2,565.39,0.1,0.245,0.2,0.197,0.287,0.056539
2.75575,51.5,35.1,1,246,2,1807.65,0.1,0.246,0.2,0.515,0.351,0.180765
2.3595,51.5,35,1,246,1,1802.5,0.1,0.246,0.1,0.515,0.35,0.18025
2.42,51.2,35,1,246,2,1792,0.1,0.246,0.2,0.512,0.35,0.1792
4.62,28.9,36.2,1,247,1,1046.18,0.1,0.247,0.1,0.289,0.362,0.104618
3.3,25.6,36.2,1,248,1,926.72,0.1,0.248,0.1,0.256,0.362,0.092672
5.72575,35.4,36.5,1,249,2,1292.1,0.1,0.249,0.2,0.354,0.365,0.12921
1.57915,28,35.4,1,250,2,991.2,0.1,0.25,0.2,0.28,0.354,0.09912
4.935915,35.2,36.1,1,251,1,1270.72,0.1,0.251,0.1,0.352,0.361,0.127072
0.219005,18.1,21.7,1,252,2,392.77,0.1,0.252,0.2,0.181,0.217,0.039277
11.9925,28.7,36.2,1,253,2,1038.94,0.1,0.253,0.2,0.287,0.362,0.103894
0.214306,4.6,7.5,1,254,2,34.5,0.1,0.254,0.2,0.046,0.075,0.00345
0.112537,3.9,6.7,1,255,2,26.13,0.1,0.255,0.2,0.039,0.067,0.002613
2.2,23.6,39.6,1,256,1,934.56,0.1,0.256,0.1,0.236,0.396,0.093456
2.53,28.7,36.4,1,257,1,1044.68,0.1,0.257,0.1,0.287,0.364,0.104468
14.323005,28.7,36.2,1,258,2,1038.94,0.1,0.258,0.2,0.287,0.362,0.103894
8.525,25.6,39.4,1,259,2,1008.64,0.1,0.259,0.2,0.256,0.394,0.100864
1.7625,25.5,32.2,1,260,2,821.1,0.1,0.26,0.2,0.255,0.322,0.08211
0.3325,25.5,39.5,0,261,1,1007.25,0,0.261,0.1,0.255,0.395,0.100725
0.941,25.8,39.6,1,262,1,1021.68,0.1,0.262,0.1,0.258,0.396,0.102168
0.77,25.8,32.1,1,263,1,828.18,0.1,0.263,0.1,0.258,0.321,0.082818
1.65948,18.1,29,1,264,2,524.9,0.1,0.264,0.2,0.181,0.29,0.05249
3.031,19,29,1,265,1,551,0.1,0.265,0.1,0.19,0.29,0.0551
1.65,18,22,1,266,2,396,0.1,0.266,0.2,0.18,0.22,0.0396
0.4425,21.9,29,1,267,2,635.1,0.1,0.267,0.2,0.219,0.29,0.06351
2.31504,34.1,35.4,0,268,1,1207.14,0,0.268,0.1,0.341,0.354,0.120714
20.061979,31.9,36.6,1,269,2,1167.54,0.1,0.269,0.2,0.319,0.366,0.116754
7.15575,36.3,28.7,1,270,2,1041.81,0.1,0.27,0.2,0.363,0.287,0.104181
8.36575,39.4,32,1,271,2,1260.8,0.1,0.271,0.2,0.394,0.32,0.12608
4.902943,39.4,39.4,1,272,2,1552.36,0.1,0.272,0.2,0.394,0.394,0.155236
5.0625,39.4,39.4,1,272,2,1552.36,0.1,0.272,0.2,0.394,0.394,0.155236
5.0625,39.4,32,1,272,1,1260.8,0.1,0.272,0.1,0.394,0.32,0.12608
5.7775,53.1,57.1,0,273,2,3032.01,0,0.273,0.2,0.531,0.571,0.303201
13.2025,35,39.8,1,274,1,1393,0.1,0.274,0.1,0.35,0.398,0.1393
3.3025,31.3,31.3,1,275,1,979.69,0.1,0.275,0.1,0.313,0.313,0.097969
0.070226,10.6,20.5,0,276,2,217.3,0,0.276,0.2,0.106,0.205,0.02173
0.2336,10.6,20.5,0,276,2,217.3,0,0.276,0.2,0.106,0.205,0.02173
0.099,10.6,20.5,0,276,1,217.3,0,0.276,0.1,0.106,0.205,0.02173
0.010413,9.4,9.4,0,277,3,88.36,0,0.277,0.3,0.094,0.094,0.008836
0.198,26.9,21.4,0,278,2,575.66,0,0.278,0.2,0.269,0.214,0.057566
0.462404,28.7,21.5,0,279,3,617.05,0,0.279,0.3,0.287,0.215,0.061705
9.46,42,28.7,1,280,2,1205.4,0.1,0.28,0.2,0.42,0.287,0.12054
8.8,35.5,28.5,1,281,2,1011.75,0.1,0.281,0.2,0.355,0.285,0.101175
5.72,51.6,37.4,1,282,1,1929.84,0.1,0.282,0.1,0.516,0.374,0.192984
0.017768,8.3,19.7,0,283,3,163.51,0,0.283,0.3,0.083,0.197,0.016351
7.7,78.7,78.7,1,284,2,6193.69,0.1,0.284,0.2,0.787,0.787,0.619369
7.48172,39.4,39.4,1,285,2,1552.36,0.1,0.285,0.2,0.394,0.394,0.155236
3.3,51.2,59.1,1,286,1,3025.92,0.1,0.286,0.1,0.512,0.591,0.302592
0.053507,23.1,21.3,1,287,2,492.03,0.1,0.287,0.2,0.231,0.213,0.049203
7.688483,59.1,78.7,0,288,2,4651.17,0,0.288,0.2,0.591,0.787,0.465117
0.119658,14.2,24.8,0,289,3,352.16,0,0.289,0.3,0.142,0.248,0.035216
10.424,36.2,35,1,290,2,1267,0.1,0.29,0.2,0.362,0.35,0.1267
4.1515,66.5,48.5,0,291,1,3225.25,0,0.291,0.1,0.665,0.485,0.322525
18.7095,35,36.3,1,292,2,1270.5,0.1,0.292,0.2,0.35,0.363,0.12705
9.906,78.7,70.9,0,293,1,5579.83,0,0.293,0.1,0.787,0.709,0.557983
20.906,35.4,39.4,1,294,1,1394.76,0.1,0.294,0.1,0.354,0.394,0.139476
22.5525,35.2,36.5,1,295,1,1284.8,0.1,0.295,0.1,0.352,0.365,0.12848
0.029756,8.3,24,0,296,3,199.2,0,0.296,0.3,0.083,0.24,0.01992
11.55,39.5,39.5,1,297,1,1560.25,0.1,0.297,0.1,0.395,0.395,0.156025
10.354815,36.2,35,1,298,2,1267,0.1,0.298,0.2,0.362,0.35,0.1267
0.028022,19.5,10,0,299,3,195,0,0.299,0.3,0.195,0.1,0.0195
4.4,51.3,77.8,0,300,1,3991.14,0,0.3,0.1,0.513,0.778,0.399114
0.9075,47,14.6,1,301,2,686.2,0.1,0.301,0.2,0.47,0.146,0.06862
0.33,25.6,36.4,1,302,1,931.84,0.1,0.302,0.1,0.256,0.364,0.093184
0.825,25.5,32,1,303,2,816,0.1,0.303,0.2,0.255,0.32,0.0816
5.9425,28.7,23.5,1,304,2,674.45,0.1,0.304,0.2,0.287,0.235,0.067445
0.418,28.9,31.5,1,305,2,910.35,0.1,0.305,0.2,0.289,0.315,0.091035
6.17242,36.2,28.7,1,306,2,1038.94,0.1,0.306,0.2,0.362,0.287,0.103894
6.630157,36.6,29.3,1,307,1,1072.38,0.1,0.307,0.1,0.366,0.293,0.107238
4.0395,36.4,25.6,1,308,1,931.84,0.1,0.308,0.1,0.364,0.256,0.093184
0.347701,19.9,14.8,1,309,2,294.52,0.1,0.309,0.2,0.199,0.148,0.029452
0.671,24,20.1,1,310,2,482.4,0.1,0.31,0.2,0.24,0.201,0.04824
0.3985,24,18.6,1,311,2,446.4,0.1,0.311,0.2,0.24,0.186,0.04464
2.15073,25.8,36.6,1,312,2,944.28,0.1,0.312,0.2,0.258,0.366,0.094428
0.825,25.8,36.6,1,312,1,944.28,0.1,0.312,0.1,0.258,0.366,0.094428
7.4726,39.4,25.6,1,313,2,1008.64,0.1,0.313,0.2,0.394,0.256,0.100864
4.821298,28.7,36.2,1,314,1,1038.94,0.1,0.314,0.1,0.287,0.362,0.103894
0.715,32.1,25.6,1,315,1,821.76,0.1,0.315,0.1,0.321,0.256,0.082176
0.8825,23.6,39.4,1,316,1,929.84,0.1,0.316,0.1,0.236,0.394,0.092984
0.579564,21.5,28.9,1,317,1,621.35,0.1,0.317,0.1,0.215,0.289,0.062135
0.44,24,32.5,1,318,1,780,0.1,0.318,0.1,0.24,0.325,0.078
1.65575,25.5,31.8,0,319,2,810.9,0,0.319,0.2,0.255,0.318,0.08109
5.9425,36.2,35,1,320,1,1267,0.1,0.32,0.1,0.362,0.35,0.1267
2.86,35,36.2,1,321,2,1267,0.1,0.321,0.2,0.35,0.362,0.1267
0.440718,18.3,15,1,322,2,274.5,0.1,0.322,0.2,0.183,0.15,0.02745
0.352,16.1,13.4,1,323,2,215.74,0.1,0.323,0.2,0.161,0.134,0.021574
0.231,15.9,13,1,324,2,206.7,0.1,0.324,0.2,0.159,0.13,0.02067
0.7175,22.1,14.9,1,325,1,329.29,0.1,0.325,0.1,0.221,0.149,0.032929
0.3985,17.8,15,1,326,2,267,0.1,0.326,0.2,0.178,0.15,0.0267
1.7995,23.2,27.5,1,327,1,638,0.1,0.327,0.1,0.232,0.275,0.0638
4.200211,28.7,36.2,1,328,1,1038.94,0.1,0.328,0.1,0.287,0.362,0.103894
0.253,25.6,31.9,0,329,1,816.64,0,0.329,0.1,0.256,0.319,0.081664
1.65,23.2,31.7,1,330,1,735.44,0.1,0.33,0.1,0.232,0.317,0.073544
0.7175,25.5,36.3,1,331,1,925.65,0.1,0.331,0.1,0.255,0.363,0.092565
1.76,35.4,36.2,1,332,1,1281.48,0.1,0.332,0.1,0.354,0.362,0.128148
1.29116,35.4,36.2,1,333,2,1281.48,0.1,0.333,0.2,0.354,0.362,0.128148
1.43,25.5,32,1,334,1,816,0.1,0.334,0.1,0.255,0.32,0.0816
1.0475,44.1,34,0,336,1,1499.4,0,0.336,0.1,0.441,0.34,0.14994
1.43,40.2,29.5,0,337,2,1185.9,0,0.337,0.2,0.402,0.295,0.11859
0.539,31.9,25.6,1,338,2,816.64,0.1,0.338,0.2,0.319,0.256,0.081664
3.11468,25.8,32.1,1,339,2,828.18,0.1,0.339,0.2,0.258,0.321,0.082818
0.3105,16.7,23.3,1,340,1,389.11,0.1,0.34,0.1,0.167,0.233,0.038911
0.516516,18.9,29.1,1,341,2,549.99,0.1,0.341,0.2,0.189,0.291,0.054999
0.979228,18.9,29.1,1,341,2,549.99,0.1,0.341,0.2,0.189,0.291,0.054999
6.6,25.5,36.2,1,342,2,923.1,0.1,0.342,0.2,0.255,0.362,0.09231
2.5,23.6,28.7,1,343,3,677.32,0.1,0.343,0.3,0.236,0.287,0.067732
0.19857,19.7,24,0,344,2,472.8,0,0.344,0.2,0.197,0.24,0.04728
11.4096,28.3,35.8,1,345,2,1013.14,0.1,0.345,0.2,0.283,0.358,0.101314
1.325564,28.7,36.2,1,346,2,1038.94,0.1,0.346,0.2,0.287,0.362,0.103894
1.7625,19.7,25.6,1,347,1,504.32,0.1,0.347,0.1,0.197,0.256,0.050432
0.6145,24.4,29.5,1,348,2,719.8,0.1,0.348,0.2,0.244,0.295,0.07198
1.157517,28.7,21.3,1,349,2,611.31,0.1,0.349,0.2,0.287,0.213,0.061131
0.399166,22,18.1,0,350,3,398.2,0,0.35,0.3,0.22,0.181,0.03982
0.8475,25.7,39.4,1,351,1,1012.58,0.1,0.351,0.1,0.257,0.394,0.101258
6.90244,19.7,27.6,1,352,1,543.72,0.1,0.352,0.1,0.197,0.276,0.054372
1.051,23.7,29,1,353,1,687.3,0.1,0.353,0.1,0.237,0.29,0.06873
0.182636,14.5,11.6,0,354,1,168.2,0,0.354,0.1,0.145,0.116,0.01682
1.3,23.6,32.1,1,355,1,757.56,0.1,0.355,0.1,0.236,0.321,0.075756
4.51,25.6,31.9,1,356,2,816.64,0.1,0.356,0.2,0.256,0.319,0.081664
0.6795,29,36.5,1,357,1,1058.5,0.1,0.357,0.1,0.29,0.365,0.10585
0.841866,23.6,28.7,1,358,2,677.32,0.1,0.358,0.2,0.236,0.287,0.067732
0.206015,28.7,28.7,0,359,3,823.69,0,0.359,0.3,0.287,0.287,0.082369
1.4325,39.5,32,1,360,2,1264,0.1,0.36,0.2,0.395,0.32,0.1264
0.792,19.8,14.8,1,361,2,293.04,0.1,0.361,0.2,0.198,0.148,0.029304
7.539658,23.6,39.4,1,362,1,929.84,0.1,0.362,0.1,0.236,0.394,0.092984
4.999273,35.4,36.5,1,363,2,1292.1,0.1,0.363,0.2,0.354,0.365,0.12921
2.2025,28.9,37,1,364,2,1069.3,0.1,0.364,0.2,0.289,0.37,0.10693
4.076,23.8,31.3,1,365,1,744.94,0.1,0.365,0.1,0.238,0.313,0.074494
1.106,17.2,25.9,1,366,1,445.48,0.1,0.366,0.1,0.172,0.259,0.044548
0.374598,7.1,15.1,1,367,1,107.21,0.1,0.367,0.1,0.071,0.151,0.010721
0.6625,20.5,25.2,1,368,1,516.6,0.1,0.368,0.1,0.205,0.252,0.05166
3.7425,25.5,31.5,1,369,2,803.25,0.1,0.369,0.2,0.255,0.315,0.080325
0.544554,21.3,28.7,1,370,2,611.31,0.1,0.37,0.2,0.213,0.287,0.061131
4.5125,21.3,28.9,1,371,2,615.57,0.1,0.371,0.2,0.213,0.289,0.061557
5.5025,55.1,59.1,0,372,1,3256.41,0,0.372,0.1,0.551,0.591,0.325641
1.87,24,31.9,1,373,2,765.6,0.1,0.373,0.2,0.24,0.319,0.07656
3.85,25.6,39.4,1,374,1,1008.64,0.1,0.374,0.1,0.256,0.394,0.100864
5.2825,25.6,39.4,1,375,1,1008.64,0.1,0.375,0.1,0.256,0.394,0.100864
9.3525,25.9,39.6,1,375,2,1025.64,0.1,0.375,0.2,0.259,0.396,0.102564
8.2525,25.6,39.6,1,375,1,1013.76,0.1,0.375,0.1,0.256,0.396,0.101376
3.41,25.6,39.4,1,386,2,1008.64,0.1,0.386,0.2,0.256,0.394,0.100864
1.5425,25.7,32,1,387,1,822.4,0.1,0.387,0.1,0.257,0.32,0.08224
